-- ХзНКЦЎ ЕЅРЬХЭ

insert into tb_user (user_id, user_pw, user_type, main_user_idx, main_user_yn, auth_type, lang_type, co_name, del_yn, reg_uid, reg_date, mod_uid, mod_date)
values ('test01','1234','2','1','Y','4','1','БИЗЪ','N','admin',now(),'admin',now());

insert into tb_user (user_id, user_pw, user_type, main_user_idx, main_user_yn, auth_type, lang_type, co_name, del_yn, reg_uid, reg_date, mod_uid, mod_date)
values ('test02','1234','2','1','Y','4','1','БЋЛъРкПЌЕхИВ','N','admin',now(),'admin',now());



insert into tb_site (site_id, user_idx, site_name, area_type, time_zone, del_yn, reg_uid, reg_date, mod_uid, mod_date)
values ('17094385','1','БИЗЪ1_РќБтНЧ','14','GMT+8','N','admin',now(),'admin',now());

insert into tb_site (site_id, user_idx, site_name, area_type, time_zone, del_yn, reg_uid, reg_date, mod_uid, mod_date)
values ('22e83dfc','1','БИЗЪ2_ПУА№РК','14','GMT+8','N','admin',now(),'admin',now());

insert into tb_site (site_id, user_idx, site_name, area_type, time_zone, del_yn, reg_uid, reg_date, mod_uid, mod_date)
values ('c64b328b','1','БИЗЪ3_РќКаСІКаОчАю','14','GMT+8','N','admin',now(),'admin',now());

insert into tb_site (site_id, user_idx, site_name, area_type, time_zone, del_yn, reg_uid, reg_date, mod_uid, mod_date)
values ('7532a5c','1','БИЗЪ4_БтАшНЧОе','14','GMT+8','N','admin',now(),'admin',now());

insert into tb_site (site_id, user_idx, site_name, area_type, time_zone, del_yn, reg_uid, reg_date, mod_uid, mod_date)
values ('af19e136','1','БИЗЪ5_ИООО','14','GMT+8','N','admin',now(),'admin',now());

insert into tb_site (site_id, user_idx, site_name, area_type, time_zone, del_yn, reg_uid, reg_date, mod_uid, mod_date)
values ('f23ac0b6','1','БИЗЪ6_РЏСЄЖѕ','14','GMT+8','N','admin',now(),'admin',now());

insert into tb_site (site_id, user_idx, site_name, area_type, time_zone, del_yn, reg_uid, reg_date, mod_uid, mod_date)
values ('67b72dfb','1','БИЗЪ7_ЙаХЉФђ','14','GMT+8','N','admin',now(),'admin',now());

insert into tb_site (site_id, user_idx, site_name, area_type, time_zone, del_yn, reg_uid, reg_date, mod_uid, mod_date)
values ('1feef4db','2','БЋЛъРкПЌЕхИВ_ГУЕПУЂАэ','11','GMT+8','N','admin',now(),'admin',now());

insert into tb_site (site_id, user_idx, site_name, area_type, time_zone, del_yn, reg_uid, reg_date, mod_uid, mod_date)
values ('2f292a5a','2','БЋЛъРкПЌЕхИВ_ЧиЧЧЧЊИЃУї','11','GMT+8','N','admin',now(),'admin',now());

insert into tb_site (site_id, user_idx, site_name, area_type, time_zone, del_yn, reg_uid, reg_date, mod_uid, mod_date)
values ('bb3090b9','2','БЋЛъРкПЌЕхИВ_МјМіРЏ','11','GMT+8','N','admin',now(),'admin',now());

insert into tb_site (site_id, user_idx, site_name, area_type, time_zone, del_yn, reg_uid, reg_date, mod_uid, mod_date)
values ('68c1699c','2','БЋЛъРкПЌЕхИВ_ФђОчФл','11','GMT+8','N','admin',now(),'admin',now());



INSERT INTO tb_device (device_id, site_id, user_idx, device_name, reg_uid, reg_date, mod_uid, mod_date )
VALUES ( 'a8324a51', '17094385', '1', 'РќБтНЧ ХзНКЦЎ', 'admin', NOW(), 'admin', NOW());
INSERT INTO tb_device (device_id, site_id, user_idx, device_name, reg_uid, reg_date, mod_uid, mod_date )
VALUES ( 'd83be8c1', '22e83dfc', '1', 'АшЗЎ2_ПУА№РК', 'admin', NOW(), 'admin', NOW());
INSERT INTO tb_device (device_id, site_id, user_idx, device_name, reg_uid, reg_date, mod_uid, mod_date )
VALUES ( 'c8cbb39d', '22e83dfc', '1', 'GOODCEN','admin', NOW(), 'admin', NOW());
INSERT INTO tb_device (device_id, site_id, user_idx, device_name, reg_uid, reg_date, mod_uid, mod_date )
VALUES ( 'd13bddbc', 'c64b328b', '1', 'АшЗЎ3_РќКаСІКаОчАю', 'admin', NOW(), 'admin', NOW());
INSERT INTO tb_device (device_id, site_id, user_idx, device_name, reg_uid, reg_date, mod_uid, mod_date )
VALUES ( 'becba3df', 'c64b328b', '1', 'GOODCEN', 'admin', NOW(), 'admin', NOW());
INSERT INTO tb_device (device_id, site_id, user_idx, device_name, reg_uid, reg_date, mod_uid, mod_date )
VALUES ( '39d32145', '7532a5c', '1', 'GOODCEN', 'admin', NOW(), 'admin', NOW());
INSERT INTO tb_device (device_id, site_id, user_idx, device_name, reg_uid, reg_date, mod_uid, mod_date )
VALUES ( '38d31fb2', '7532a5c', '1', 'GOODCEN', 'admin', NOW(), 'admin', NOW());
INSERT INTO tb_device (device_id, site_id, user_idx, device_name, reg_uid, reg_date, mod_uid, mod_date )
VALUES ( 'df3e325d', '7532a5c', '1', 'АшЗЎ4_БтАшНЧОе', 'admin', NOW(), 'admin', NOW());
INSERT INTO tb_device (device_id, site_id, user_idx, device_name, reg_uid, reg_date, mod_uid, mod_date )
VALUES ( '36d31c8c', '7532a5c', '1', 'GOODCEN', 'admin', NOW(), 'admin', NOW());
INSERT INTO tb_device (device_id, site_id, user_idx, device_name, reg_uid, reg_date, mod_uid, mod_date )
VALUES ( 'de3e30ca', 'af19e136', '1', 'АшЗЎ5_ИООО', 'admin', NOW(), 'admin', NOW());
INSERT INTO tb_device (device_id, site_id, user_idx, device_name, reg_uid, reg_date, mod_uid, mod_date )
VALUES ( 'd93e28eb', 'f23ac0b6', '1', 'АшЗЎ6_РЏСЄЖѕ', 'admin', NOW(), 'admin', NOW());
INSERT INTO tb_device (device_id, site_id, user_idx, device_name, reg_uid, reg_date, mod_uid, mod_date )
VALUES ( 'd73e25c5', '67b72dfb', '1', 'АшЗЎ7_ЙаХЉФђ', 'admin', NOW(), 'admin', NOW());
INSERT INTO tb_device (device_id, site_id, user_idx, device_name, reg_uid, reg_date, mod_uid, mod_date )
VALUES ( 'be6c171', '1feef4db', '2', 'БЋЛъГУЕПУЂАэ', 'admin', NOW(), 'admin', NOW());
INSERT INTO tb_device (device_id, site_id, user_idx, device_name, reg_uid, reg_date, mod_uid, mod_date )
VALUES ( '11e9097a', '2f292a5a', '2', 'БЋЛъ_ЧиЧЧЧЊИЃУї', 'admin', NOW(), 'admin', NOW());
INSERT INTO tb_device (device_id, site_id, user_idx, device_name, reg_uid, reg_date, mod_uid, mod_date )
VALUES ( 'de6c497', 'bb3090b9', '2', 'БЋЛъМјМіРЏ', 'admin', NOW(), 'admin', NOW());
INSERT INTO tb_device (device_id, site_id, user_idx, device_name, reg_uid, reg_date, mod_uid, mod_date )
VALUES ( '9e6be4b', '68c1699c', '2', 'БЋЛъФђОчФл', 'admin', NOW(), 'admin', NOW());


-------------------------------------------------------------------------------------------------------------------------------------------------------


insert into tb_user (user_id, user_pw, user_type, main_user_idx, main_user_yn, auth_type, lang_type, co_name, del_yn, reg_uid, reg_date, mod_uid, mod_date)
values ('test01','1234','2','1','Y','4','1','ОЦЦЎФЋНКХфИЎ','N','admin',now(),'admin',now());

insert into tb_user (user_id, user_pw, user_type, main_user_idx, main_user_yn, auth_type, lang_type, co_name, del_yn, reg_uid, reg_date, mod_uid, mod_date)
values ('test02','1234','2','1','Y','4','2','ЙЬСюИоЕ№КДПј','N','admin',now(),'admin',now());

insert into tb_user (user_id, user_pw, user_type, main_user_idx, main_user_yn, auth_type, lang_type, co_name, del_yn, reg_uid, reg_date, mod_uid, mod_date)
values ('test03','1234','2','1','Y','4','3','М­ПяИщПС','N','admin',now(),'admin',now());



insert into tb_site (site_id, user_idx, site_name, area_type, time_zone, del_yn, reg_uid, reg_date, mod_uid, mod_date)
values ('2d91098','1','ОЦЦЎФЋНКХфИЎ','01','GMT+8','N','admin',now(),'admin',now());

insert into tb_site (site_id, user_idx, site_name, area_type, time_zone, del_yn, reg_uid, reg_date, mod_uid, mod_date)
values ('6f4288d','2','ЙЬСюИоЕ№КДПј','01','GMT+8','N','admin',now(),'admin',now());

insert into tb_site (site_id, user_idx, site_name, area_type, time_zone, del_yn, reg_uid, reg_date, mod_uid, mod_date)
values ('c30f2c6d','3','М­ПяИщПС','01','GMT+8','N','admin',now(),'admin',now());



insert into tb_device (device_id, site_id, user_idx, device_name, inst_type, reg_uid, reg_date, mod_uid, mod_date )
values ( '3d0f2bc9', '2d91098', '1', 'ОЦЦЎФЋНКХфИЎ_РхФЁ01', '1', 'admin', now(), 'admin', now());

insert into tb_device (device_id, site_id, user_idx, device_name, inst_type, reg_uid, reg_date, mod_uid, mod_date )
values ( '3c0f2a36', '2d91098', '1', 'ОЦЦЎФЋНКХфИЎ_РхФЁ02', '1', 'admin', now(), 'admin', now());

insert into tb_device (device_id, site_id, user_idx, device_name, inst_type, reg_uid, reg_date, mod_uid, mod_date )
values ( 'cf2ce78d', '2d91098', '1', 'ОЦЦЎФЋНКХфИЎ_РхФЁ03', '1', 'admin', now(), 'admin', now());

insert into tb_device (device_id, site_id, user_idx, device_name, inst_type, reg_uid, reg_date, mod_uid, mod_date )
values ( 'ce2ce5fa', '2d91098', '1', 'ОЦЦЎФЋНКХфИЎ_РхФЁ04', '1', 'admin', now(), 'admin', now());



insert into tb_device (device_id, site_id, user_idx, device_name, inst_type, reg_uid, reg_date, mod_uid, mod_date )
values ( '5aaf931b', '6f4288d', '2', 'ЙЬСюИоЕ№КДПј_РхФЁ01', '1', 'admin', now(), 'admin', now());

insert into tb_device (device_id, site_id, user_idx, device_name, inst_type, reg_uid, reg_date, mod_uid, mod_date )
values ( '5daf97d4', '6f4288d', '2', 'ЙЬСюИоЕ№КДПј_РхФЁ02', '1', 'admin', now(), 'admin', now());

insert into tb_device (device_id, site_id, user_idx, device_name, inst_type, reg_uid, reg_date, mod_uid, mod_date )
values ( '53af8816', '6f4288d', '2', 'ЙЬСюИоЕ№КДПј_РхФЁ03', '1', 'admin', now(), 'admin', now());

insert into tb_device (device_id, site_id, user_idx, device_name, inst_type, reg_uid, reg_date, mod_uid, mod_date )
values ( 'd0b4ca0b', '6f4288d', '2', 'ЙЬСюИоЕ№КДПј_РхФЁ04', '1', 'admin', now(), 'admin', now());

insert into tb_device (device_id, site_id, user_idx, device_name, inst_type, reg_uid, reg_date, mod_uid, mod_date )
values ( '5dbc63c7', '6f4288d', '2', 'ЙЬСюИоЕ№КДПј_РхФЁ05', '1', 'admin', now(), 'admin', now());

insert into tb_device (device_id, site_id, user_idx, device_name, inst_type, reg_uid, reg_date, mod_uid, mod_date )
values ( '52bc5276', '6f4288d', '2', 'ЙЬСюИоЕ№КДПј_РхФЁ06', '1', 'admin', now(), 'admin', now());

insert into tb_device (device_id, site_id, user_idx, device_name, inst_type, reg_uid, reg_date, mod_uid, mod_date )
values ( '53bc5409', '6f4288d', '2', 'ЙЬСюИоЕ№КДПј_РхФЁ07', '1', 'admin', now(), 'admin', now());

insert into tb_device (device_id, site_id, user_idx, device_name, inst_type, reg_uid, reg_date, mod_uid, mod_date )
values ( '4a9bf233', '6f4288d', '2', 'ЙЬСюИоЕ№КДПј_РхФЁ08', '1', 'admin', now(), 'admin', now());

insert into tb_device (device_id, site_id, user_idx, device_name, inst_type, reg_uid, reg_date, mod_uid, mod_date )
values ( '499bf0a0', '6f4288d', '2', 'ЙЬСюИоЕ№КДПј_РхФЁ09', '1', 'admin', now(), 'admin', now());

insert into tb_device (device_id, site_id, user_idx, device_name, inst_type, reg_uid, reg_date, mod_uid, mod_date )
values ( '509bfba5', '6f4288d', '2', 'ЙЬСюИоЕ№КДПј_РхФЁ10', '1', 'admin', now(), 'admin', now());

insert into tb_device (device_id, site_id, user_idx, device_name, inst_type, reg_uid, reg_date, mod_uid, mod_date )
values ( '4f9bfa12', '6f4288d', '2', 'ЙЬСюИоЕ№КДПј_РхФЁ11', '1', 'admin', now(), 'admin', now());

insert into tb_device (device_id, site_id, user_idx, device_name, inst_type, reg_uid, reg_date, mod_uid, mod_date )
values ( '47da3e40', '6f4288d', '2', 'ЙЬСюИоЕ№КДПј_РхФЁ12', '1', 'admin', now(), 'admin', now());



insert into tb_device (device_id, site_id, user_idx, device_name, inst_type, reg_uid, reg_date, mod_uid, mod_date )
values ( 'e9a2c981', 'c30f2c6d', '3', 'М­ПяИщПС_РхФЁ01', '1', 'admin', now(), 'admin', now());

insert into tb_device (device_id, site_id, user_idx, device_name, inst_type, reg_uid, reg_date, mod_uid, mod_date )
values ( 'e8a2c7ee', 'c30f2c6d', '3', 'М­ПяИщПС_РхФЁ02', '1', 'admin', now(), 'admin', now());

insert into tb_device (device_id, site_id, user_idx, device_name, inst_type, reg_uid, reg_date, mod_uid, mod_date )
values ( 'e7a2c65b', 'c30f2c6d', '3', 'М­ПяИщПС_РхФЁ03', '1', 'admin', now(), 'admin', now());



insert into tb_site_set (site_id, plan_type, plan_name, contract_power, meter_read_day, charge_yearm, charge_power, charge_rate, goal_power, smp_rate, rec_rate, rec_weight, profit_ratio, del_yn, reg_uid, reg_date, mod_uid, mod_date) values
('2d91098', 'general_A1_low_voltage_A', 'РЯЙнПы (АЉ) РњОа', 1200, 25, '201810', 1200, 1, 1000, 1, 1, 1, 0, 'N', 'admin', now(), 'admin', now());

insert into tb_site_set (site_id, plan_type, plan_name, contract_power, meter_read_day, charge_yearm, charge_power, charge_rate, goal_power, smp_rate, rec_rate, rec_weight, profit_ratio, del_yn, reg_uid, reg_date, mod_uid, mod_date) values
('6f4288d', 'general_A1_low_voltage_A', 'РЯЙнПы (АЉ) РњОа', 1200, 25, '201810', 1200, 1, 1000, 1, 1, 1, 0, 'N', 'admin', now(), 'admin', now());

insert into tb_site_set (site_id, plan_type, plan_name, contract_power, meter_read_day, charge_yearm, charge_power, charge_rate, goal_power, smp_rate, rec_rate, rec_weight, profit_ratio, del_yn, reg_uid, reg_date, mod_uid, mod_date) values
('c30f2c6d', 'general_A1_low_voltage_A', 'РЯЙнПы (АЉ) РњОа', 1200, 25, '201810', 1200, 1, 1000, 1, 1, 1, 0, 'N', 'admin', now(), 'admin', now());

